underlying_process,method,alpha_level,M,KS,CvM,AD,time_seconds
HawkesPL,naive,0.2,500,1,0,8,1166.2608582000248
HawkesExp,naive,0.2,500,97,75,255,1077.1791623000754
HawkesExp,naive,0.01,500,0,0,34,1069.5722207999788
HawkesPL,naive,0.01,500,0,0,0,1140.1918150000274
HawkesExp,naive,0.05,500,3,0,144,1070.7650826999452
HawkesPL,naive,0.05,500,0,0,2,2898.7742846999317
